,precision,recall,f1-score,support
assumption,0.3333333333333333,0.9,0.4864864864864865,20.0
complete,0.0,0.0,0.0,5.0
criteria_misinterpretation,0.85,0.6415094339622641,0.7311827956989247,53.0
extraction_error,0.0,0.0,0.0,0.0
other,0.0,0.0,0.0,20.0
accuracy,0.5306122448979592,0.5306122448979592,0.5306122448979592,0.5306122448979592
macro avg,0.23666666666666666,0.30830188679245285,0.24353385643708228,98.0
weighted avg,0.5277210884353741,0.5306122448979592,0.4947185500180891,98.0
