criterion,f1_weighted,n_samples
KETO-1YR,1.0,1
MI-6MOS,1.0,1
DRUG-ABUSE,0.8666666666666666,5
ABDOMINAL,0.7792592592592592,15
ENGLISH,0.75,4
ADVANCED-CAD,0.702020202020202,12
DIETSUPP-2MOS,0.6823529411764707,17
MAJOR-DIABETES,0.66875,8
HBA1C,0.6666666666666666,9
MAKES-DECISIONS,0.65,4
ASP-FOR-MI,0.6000000000000001,6
CREATININE,0.4,5
ALCOHOL-ABUSE,0.0,1
